<assembly xmlns="http://maven.apache.org/plugins/maven-assembly-plugin/assembly/1.1.0"
          xmlns:xsi="http://www.w3.org/2001/XMLSchema-instance"
          xsi:schemaLocation="http://maven.apache.org/plugins/maven-assembly-plugin/assembly/1.1.0 http://maven.apache.org/xsd/assembly-1.1.0.xsd">
    <id>bin</id>
    <includeBaseDirectory>true</includeBaseDirectory>
    <formats>
        <format>zip</format>
    </formats>

    <fileSets>
        <fileSet>
            <directory>${project.basedir}/../oadw-loader/target/bin</directory>
            <outputDirectory></outputDirectory>
            <includes>
                <include>*.sh</include>
            </includes>
        </fileSet>
        <fileSet>
            <directory>${project.basedir}/../oadw-loader/target</directory>
            <outputDirectory></outputDirectory>
            <includes>
                <include>*.jar</include>
            </includes>
        </fileSet>

        <fileSet>
            <directory>${project.basedir}/../hive-cli/target/bin</directory>
            <outputDirectory></outputDirectory>
            <includes>
                <include>*.sh</include>
            </includes>
        </fileSet>
        <fileSet>
            <directory>${project.basedir}/../hive-cli/target</directory>
            <outputDirectory></outputDirectory>
            <includes>
                <include>*.jar</include>
            </includes>
        </fileSet>

        <fileSet>
            <directory>${project.basedir}/../hive-oracle-loader/target/bin</directory>
            <outputDirectory></outputDirectory>
            <includes>
                <include>*.sh</include>
            </includes>
        </fileSet>
        <fileSet>
            <directory>${project.basedir}/../hive-oracle-loader/target</directory>
            <outputDirectory></outputDirectory>
            <includes>
                <include>*.jar</include>
            </includes>
        </fileSet>

        <fileSet>
            <directory>${project.basedir}/../scripts/public_interface</directory>
            <outputDirectory></outputDirectory>
            <includes>
                <include>*.py</include>
                <include>*.sh</include>
            </includes>
        </fileSet>

        <fileSet>
            <directory>${project.basedir}/../scripts/jenkins_deploy</directory>
            <outputDirectory></outputDirectory>
            <includes>
                <include>orchestration.py</include>
                <include>orchestration.sh</include>
            </includes>
        </fileSet>

        <fileSet>
            <directory>${project.basedir}/../scripts</directory>
            <outputDirectory></outputDirectory>
            <includes>
                <include>nightly_build.py</include>
                <include>nightly_build.sh</include>
            </includes>
        </fileSet>

        <fileSet>
            <directory>${project.basedir}/../scripts/hdfs_utils</directory>
            <outputDirectory></outputDirectory>
            <includes>
                <include>CDR_prd_2_stg.sh</include>
                <include>II_prd_2_stg.sh</include>
            </includes>
        </fileSet>

        <fileSet>
            <directory>${project.basedir}/../oadw-common/target/classes</directory>
            <outputDirectory></outputDirectory>
            <includes>
                <include>version.properties</include>
            </includes>
        </fileSet>
    </fileSets>
</assembly>
